{"mean": [15.459518432617188, 31.50328254699707], "std": [10.65507698059082, 18.300926208496094], "compounds": ["SOFT", "MEDIUM", "HARD"]}